1,Rimjhim,Chapter 1
1,Rimjhim,Chapter 2
1,Rimjhim,Chapter 3
1,Rimjhim,Chapter 4
1,Rimjhim,Chapter 5
1,Rimjhim,Chapter 6
1,Rimjhim,Chapter 7
1,Rimjhim,Chapter 8
1,Rimjhim,Chapter 9
1,Rimjhim,Chapter 10
1,Rimjhim,Chapter 11
1,Rimjhim,Chapter 12
1,Rimjhim,Chapter 13
1,Rimjhim,Chapter 14
1,Rimjhim,Chapter 15
1,Rimjhim,Chapter 16
1,Rimjhim,Chapter 17
1,Rimjhim,Chapter 18
1,Rimjhim,Chapter 19
1,Rimjhim,Chapter 20
1,Rimjhim,Chapter 21
1,Rimjhim,Chapter 22
1,Rimjhim,Chapter 23
1,Marigold ,1. A Happy Child; Three Little Pigs
1,Marigold ,"2. After a Bath; The Bubble, the Straw, and the Shoe"
1,Marigold ,3. One Little Kitten; Lalu and Peelu
1,Marigold ,4. Once I Saw a Little Bird; Mittu and the Yellow Mango
1,Marigold ,5. Merry-Go-Round; Circle
1,Marigold ,6. If I Were an Apple; Our Tree
1,Marigold ,7. A Kite; Sundari
1,Marigold ,8. A Little Turtle; The Tiger and the Mosquito
1,Marigold ,9. Clouds; Anandi’s Rainbow
1,Marigold ,10. Flying-Man; The Tailor and his Friend
1,Ganit ka jaadu ,1. Shapes and Space
1,Ganit ka jaadu ,2. Numbers from One to Nine
1,Ganit ka jaadu ,3. Addition
1,Ganit ka jaadu ,4. Subtraction
1,Ganit ka jaadu ,5. Numbers from Ten to Twenty
1,Ganit ka jaadu ,6. Time
1,Ganit ka jaadu ,7. Measurement
1,Ganit ka jaadu ,8. Numbers from Twenty-one to Fifty
1,Ganit ka jaadu ,9. Data Handling
1,Ganit ka jaadu ,10. Patterns
1,Ganit ka jaadu ,11. Numbers
1,Ganit ka jaadu ,12. Money
1,Ganit ka jaadu ,13. How Many
1,Math-Magic ,1. Shapes and Space
1,Math-Magic ,2. Numbers from One to Nine
1,Math-Magic ,3. Addition
1,Math-Magic ,4. Subtraction
1,Math-Magic ,5. Numbers from Ten to Twenty
1,Math-Magic ,6. Time
1,Math-Magic ,7. Measurement
1,Math-Magic ,8. Numbers from Twenty-one to Fifty
1,Math-Magic ,9. Data Handling
1,Math-Magic ,10. Patterns
1,Math-Magic ,11. Numbers
1,Math-Magic ,12. Money
1,Math-Magic ,13. How Many
2,Rimjhim,Chapter 1
2,Rimjhim,Chapter 2
2,Rimjhim,Chapter 3
2,Rimjhim,Chapter 4
2,Rimjhim,Chapter 5
2,Rimjhim,Chapter 6
2,Rimjhim,Chapter 7
2,Rimjhim,Chapter 8
2,Rimjhim,Chapter 9
2,Rimjhim,Chapter 10
2,Rimjhim,Chapter 11
2,Rimjhim,Chapter 12
2,Rimjhim,Chapter 13
2,Rimjhim,Chapter 14
2,Rimjhim,Chapter 15
2,Marigold,1. First Day at School
2,Marigold,2. I am Lucky!
2,Marigold,3. A Smile
2,Marigold,4. Rain
3,Marigold,5. Zoo Manners
3,Marigold,6. Mr. Nobody
3,Marigold,7. On My Blackboard I can Draw
3,Marigold,8. I am the Music Man
3,Marigold,9. Granny Granny Please Comb my Hair
3,Marigold,10. Strange Talk
3,Ganit ka jaadu,"1. What is Long, What is Round?"
3,Ganit ka jaadu,2. Counting in Groups
3,Ganit ka jaadu,3. How Much Can You Carry?
3,Ganit ka jaadu,4. Counting in Tens
3,Ganit ka jaadu,5. Patterns
3,Ganit ka jaadu,6. Footprints
3,Ganit ka jaadu,7. Jugs and Mugs
3,Ganit ka jaadu,8. Tens and Ones
3,Ganit ka jaadu,9. My Funday
3,Ganit ka jaadu,10. Add out Points
3,Ganit ka jaadu,11. Lines and Lines
3,Ganit ka jaadu,12. Give and Take
3,Ganit ka jaadu,13. The Longest Step
3,Ganit ka jaadu,"14. Birds Come, Birds Go"
3,Ganit ka jaadu,15. How Many Ponytails?
3,Math-Magic,"1. What is Long, What is Round?"
3,Math-Magic,2. Counting in Groups
3,Math-Magic,3. How Much Can You Carry?
3,Math-Magic,4. Counting in Tens
3,Math-Magic,5. Patterns
3,Math-Magic,6. Footprints
3,Math-Magic,7. Jugs and Mugs
3,Math-Magic,8. Tens and Ones
3,Math-Magic,9. My Funday
3,Math-Magic,10. Add out Points
3,Math-Magic,11. Lines and Lines
3,Math-Magic,12. Give and Take
3,Math-Magic,13. The Longest Step
3,Math-Magic,"14. Birds Come, Birds Go"
3,Math-Magic,15. How Many Ponytails?
3,Looking Around(EVS),1. Poonam’s Day out
3,Looking Around(EVS),2. The Plant Fairy
3,Looking Around(EVS),3. Water O’ Water !
3,Looking Around(EVS),4. Our First School
3,Looking Around(EVS),5. Chhotu’s House 
3,Looking Around(EVS),6. Foods We Eat
3,Looking Around(EVS),7. Saying without Speaking
3,Looking Around(EVS),8. Flying High
3,Looking Around(EVS),9. It’s Raining
3,Looking Around(EVS),10. What is Cooking
3,Looking Around(EVS),11. From Here to There
3,Looking Around(EVS),12. Work We Do
3,Looking Around(EVS),13. Sharing Our Feelings
3,Looking Around(EVS),14. The Story of Food
3,Looking Around(EVS),15. Making Pots
3,Looking Around(EVS),16. Games We Play
3,Looking Around(EVS),17. Here comes a Letter
3,Looking Around(EVS),18. A House Like This
3,Looking Around(EVS),19. Our Friends - Animals
3,Looking Around(EVS),20. Drop by Drop
3,Looking Around(EVS),21. Families can be Different
3,Looking Around(EVS),22. Left–Right
3,Looking Around(EVS),23. A Beautiful Cloth
3,Aas-Paas,Chapter 1
3,Aas-Paas,Chapter 2
3,Aas-Paas,Chapter 3
3,Aas-Paas,Chapter 4
3,Aas-Paas,Chapter 5
3,Aas-Paas,Chapter 6
3,Aas-Paas,Chapter 7
3,Aas-Paas,Chapter 8
3,Aas-Paas,Chapter 9
3,Aas-Paas,Chapter 10
3,Aas-Paas,Chapter 11
3,Aas-Paas,Chapter 12
3,Aas-Paas,Chapter 13
3,Aas-Paas,Chapter 14
3,Aas-Paas,Chapter 15
3,Aas-Paas,Chapter 16
3,Aas-Paas,Chapter 17
3,Aas-Paas,Chapter 18
3,Aas-Paas,Chapter 19
3,Aas-Paas,Chapter 20
3,Aas-Paas,Chapter 21
3,Aas-Paas,Chapter 22
3,Aas-Paas,Chapter 23
3,Aas-Paas,Chapter 24
3,Rimjhim,Chapter 1
3,Rimjhim,Chapter 2
3,Rimjhim,Chapter 3
3,Rimjhim,Chapter 4
3,Rimjhim,Chapter 5
3,Rimjhim,Chapter 6
3,Rimjhim,Chapter 7
3,Rimjhim,Chapter 8
3,Rimjhim,Chapter 9
3,Rimjhim,Chapter 10
3,Rimjhim,Chapter 11
3,Rimjhim,Chapter 12
3,Rimjhim,Chapter 13
3,Rimjhim,Chapter 14
3,Rimjhim,Chapter 15
3,Marigold,1. The Magic Garden
3,Marigold,2. Nina and the Baby Sparrows
3,Marigold,3. The Enormous Turnip
3,Marigold,4. A Little Fish Story
3,Marigold,5. The Yellow Butterfly
3,Marigold,6. The Story of the Road
3,Marigold,"7. Little Tiger, Big Tiger"
3,Marigold,8. My Silly Sister
3,Marigold,9. He is My Brother
3,Marigold,10. The Ship of the Desert
3,Ganit ka jaadu ,Chapter 1
3,Ganit ka jaadu ,Chapter 2
3,Ganit ka jaadu ,Chapter 3
3,Ganit ka jaadu ,Chapter 4
3,Ganit ka jaadu ,Chapter 5
3,Ganit ka jaadu ,Chapter 6
3,Ganit ka jaadu ,Chapter 7
3,Ganit ka jaadu ,Chapter 8
3,Ganit ka jaadu ,Chapter 9
3,Ganit ka jaadu ,Chapter 10
3,Ganit ka jaadu ,Chapter 11
3,Ganit ka jaadu ,Chapter 12
3,Ganit ka jaadu ,Chapter 13
3,Ganit ka jaadu ,Chapter 14
4,Math-Magic,1. Where to Look From
4,Math-Magic,2. Fun with Numbers
4,Math-Magic,3. Give and Take
4,Math-Magic,4. Long and Short
4,Math-Magic,5. Shapes and Designs
4,Math-Magic,6. Fun with Give and Take
4,Math-Magic,7. Time Goes On
4,Math-Magic,8. Who is Heavier?
4,Math-Magic,9. How Many Times?
4,Math-Magic,10. Play with Patterns
4,Math-Magic,11. Jugs and Mugs
4,Math-Magic,12. Can We Share?
4,Math-Magic,13. Smart Charts!
4,Math-Magic,14. Rupees and Paise 
4,Ganit ka jaadu ,1. Where to Look From
4,Ganit ka jaadu ,2. Fun with Numbers
4,Ganit ka jaadu ,3. Give and Take
4,Ganit ka jaadu ,4. Long and Short
4,Ganit ka jaadu ,5. Shapes and Designs
4,Ganit ka jaadu ,6. Fun with Give and Take
4,Ganit ka jaadu ,7. Time Goes On
4,Ganit ka jaadu ,8. Who is Heavier?
4,Ganit ka jaadu ,9. How Many Times?
4,Ganit ka jaadu ,10. Play with Patterns
4,Ganit ka jaadu ,11. Jugs and Mugs
4,Ganit ka jaadu ,12. Can We Share?
4,Ganit ka jaadu ,13. Smart Charts!
4,Ganit ka jaadu ,14. Rupees and Paise 
4,Rimjhim,Chapter 1
4,Rimjhim,Chapter 2
4,Rimjhim,Chapter 3
4,Rimjhim,Chapter 4
4,Rimjhim,Chapter 5
4,Rimjhim,Chapter 6
4,Rimjhim,Chapter 7
4,Rimjhim,Chapter 8
4,Rimjhim,Chapter 9
4,Rimjhim,Chapter 10
4,Rimjhim,Chapter 11
4,Rimjhim,Chapter 12
4,Rimjhim,Chapter 13
4,Rimjhim,Chapter 14
4,Looking Around(EVS),A Busy Month
4,Looking Around(EVS),A day with nandu
4,Looking Around(EVS),A River tale
4,Looking Around(EVS),Abdul in the garden
4,Looking Around(EVS),Anita and Honeybees
4,Looking Around(EVS),Basvas Farm
4,Looking Around(EVS),Changing Families
4,Looking Around(EVS),Changing times
4,Looking Around(EVS),Ear to ear
4,Looking Around(EVS),Eating Together
4,Looking Around(EVS),Food and Fun
4,Looking Around(EVS),From market to home
4,Looking Around(EVS),From the Window
4,Looking Around(EVS),Going to school
4,Looking Around(EVS),Home and Abroad
4,Looking Around(EVS),Hu tu tu Hu tu tu
4,Looking Around(EVS),Nandita in Mumbai
4,Looking Around(EVS),Omanas Journey
4,Looking Around(EVS),Pochampalli
4,Looking Around(EVS), Reaching Grandmothers home
4,Looking Around(EVS),The story of Amrita
4,Looking Around(EVS),The valley of flowers
4,Looking Around(EVS),The world in my home
4,Looking Around(EVS),Too much water too Little water
4,Aaas Paas,Chapter 1
4,Aaas Paas,Chapter 2
4,Aaas Paas,Chapter 3
4,Aaas Paas,Chapter 4
4,Aaas Paas,Chapter 5
4,Aaas Paas,Chapter 6
4,Aaas Paas,Chapter 7
4,Aaas Paas,Chapter 8
4,Aaas Paas,Chapter 9
4,Aaas Paas,Chapter 10
4,Aaas Paas,Chapter 11
4,Aaas Paas,Chapter 12
4,Aaas Paas,Chapter 13
4,Aaas Paas,Chapter 14
4,Aaas Paas,Chapter 15
4,Aaas Paas,Chapter 16
4,Aaas Paas,Chapter 17
4,Aaas Paas,Chapter 18
4,Aaas Paas,Chapter 19
4,Aaas Paas,Chapter 20
4,Aaas Paas,Chapter 21
4,Aaas Paas,Chapter 22
4,Aaas Paas,Chapter 23
4,Aaas Paas,Chapter 24
4,Aaas Paas,Chapter 25
4,Aaas Paas,Chapter 26
4,Aaas Paas,Chapter 27
4,Marigold,1. Neha’s Alarm Clock
4,Marigold,2. The Little Fir Tree
4,Marigold,3. Nasruddin’s Aim
4,Marigold,4. Alice in Wonderland
4,Marigold,5. Don’t be Afraid of the Dark
4,Marigold,6. The Milkman’s Cow
4,Marigold,7. The Scholar’s Mother Tongue
4,Marigold,8. The Giving Tree
4,Marigold,9. Going to buy a Book
4,Marigold,10. The Naughty Boy 
5,Math-Magic,A trip to Bhopal
5,Math-Magic,Building with Bricks
5,Math-Magic,Carts and Wheels
5,Math-Magic,Fields And Fences
5,Math-Magic,Halves and Quarters
5,Math-Magic,How Heavy How Light
5,Math-Magic,Jugs and Mugs
5,Math-Magic,Long and Short
5,Math-Magic,Play With Patterns
5,Math-Magic,Smart Charts
5,Math-Magic,Table and Shares
5,Math-Magic,The Junk Seller
5,Math-Magic,The Way the World Looks
5,Math-Magic,Tick_Tick_Tick
5,Ganit ka jaadu ,A trip to Bhopal
5,Ganit ka jaadu ,Building with Bricks
5,Ganit ka jaadu ,Carts and Wheels
5,Ganit ka jaadu ,Fields And Fences
5,Ganit ka jaadu ,Halves and Quarters
5,Ganit ka jaadu ,How Heavy How Light
5,Ganit ka jaadu ,Jugs and Mugs
5,Ganit ka jaadu ,Long and Short
5,Ganit ka jaadu ,Play With Patterns
5,Ganit ka jaadu ,Smart Charts
5,Ganit ka jaadu ,Table and Shares
5,Ganit ka jaadu ,The Junk Seller
5,Ganit ka jaadu ,The Way the World Looks
5,Ganit ka jaadu ,Tick_Tick_Tick
5,Rimjhim,Chapter 1
5,Rimjhim,Chapter 2
5,Rimjhim,Chapter 3
5,Rimjhim,Chapter 4
5,Rimjhim,Chapter 5
5,Rimjhim,Chapter 6
5,Rimjhim,Chapter 7
5,Rimjhim,Chapter 8
5,Rimjhim,Chapter 9
5,Rimjhim,Chapter 10
5,Rimjhim,Chapter 11
5,Rimjhim,Chapter 12
5,Rimjhim,Chapter 13
5,Rimjhim,Chapter 14
5,Rimjhim,Chapter 15
5,Rimjhim,Chapter 16
5,Rimjhim,Chapter 17
5,Rimjhim,Chapter 18
5,Marigold,Chapter 1
5,Marigold,Chapter 2
5,Marigold,Chapter 3
5,Marigold,Chapter 4
5,Marigold,Chapter 5
5,Marigold,Chapter 6
5,Marigold,Chapter 7
5,Marigold,Chapter 8
5,Marigold,Chapter 9
5,Marigold,Chapter 10
5,Aas-Paas,Chapter 1
5,Aas-Paas,Chapter 2
5,Aas-Paas,Chapter 3
5,Aas-Paas,Chapter 4
5,Aas-Paas,Chapter 5
5,Aas-Paas,Chapter 6
5,Aas-Paas,Chapter 7
5,Aas-Paas,Chapter 8
5,Aas-Paas,Chapter 9
5,Aas-Paas,Chapter 10
5,Aas-Paas,Chapter 11
5,Aas-Paas,Chapter 12
5,Aas-Paas,Chapter 13
5,Aas-Paas,Chapter 14
5,Aas-Paas,Chapter 15
5,Aas-Paas,Chapter 16
5,Aas-Paas,Chapter 17
5,Aas-Paas,Chapter 18
5,Aas-Paas,Chapter 19
5,Aas-Paas,Chapter 20
5,Aas-Paas,Chapter 21
5,Aas-Paas,Chapter 22
5,Aas-Paas,Chapter 23
5,Looking Around(EVS),Chapter 1
5,Looking Around(EVS),Chapter 2
5,Looking Around(EVS),Chapter 3
5,Looking Around(EVS),Chapter 4
5,Looking Around(EVS),Chapter 5
5,Looking Around(EVS),Chapter 6
5,Looking Around(EVS),Chapter 7
5,Looking Around(EVS),Chapter 8
5,Looking Around(EVS),Chapter 9
5,Looking Around(EVS),Chapter 10
5,Looking Around(EVS),Chapter 11
5,Looking Around(EVS),Chapter 12
5,Looking Around(EVS),Chapter 13
5,Looking Around(EVS),Chapter 14
5,Looking Around(EVS),Chapter 15
5,Looking Around(EVS),Chapter 16
5,Looking Around(EVS),Chapter 17
5,Looking Around(EVS),Chapter 18
5,Looking Around(EVS),Chapter 19
5,Looking Around(EVS),Chapter 20
5,Looking Around(EVS),Chapter 21
5,Looking Around(EVS),Chapter 22
6,Vasant,Chapter 1
6,Vasant,Chapter 2
6,Vasant,Chapter 3
6,Vasant,Chapter 4
6,Vasant,Chapter 5
6,Vasant,Chapter 6
6,Vasant,Chapter 7
6,Vasant,Chapter 8
6,Vasant,Chapter 9
6,Vasant,Chapter 10
6,Vasant,Chapter 11
6,Vasant,Chapter 12
6,Vasant,Chapter 13
6,Vasant,Chapter 14
6,Vasant,Chapter 15
6,Vasant,Chapter 16
6,Vasant,Chapter 17
6,Vasant,Chapter 18
6,Durva,Chapter 1
6,Durva,Chapter 2
6,Durva,Chapter 3
6,Durva,Chapter 4
6,Durva,Chapter 5
6,Durva,Chapter 6
6,Durva,Chapter 7
6,Durva,Chapter 8
6,Durva,Chapter 9
6,Durva,Chapter 10
6,Durva,Chapter 11
6,Durva,Chapter 12
6,Durva,Chapter 13
6,Durva,Chapter 14
6,Durva,Chapter 15
6,Durva,Chapter 16
6,Durva,Chapter 17
6,Durva,Chapter 18
6,Durva,Chapter 19
6,Durva,Chapter 20
6,Durva,Chapter 21
6,Durva,Chapter 22
6,Durva,Chapter 23
6,Durva,Chapter 24
6,Durva,Chapter 25
6,Durva,Chapter 26
6,Durva,Chapter 27
6,Durva,Chapter 28
6,Bal Ram Katha,Chapter 1
6,Bal Ram Katha,Chapter 2
6,Bal Ram Katha,Chapter 3
6,Bal Ram Katha,Chapter 4
6,Bal Ram Katha,Chapter 5
6,Bal Ram Katha,Chapter 6
6,Bal Ram Katha,Chapter 7
6,Bal Ram Katha,Chapter 8
6,Bal Ram Katha,Chapter 9
6,Bal Ram Katha,Chapter 10
6,Bal Ram Katha,Chapter 11
6,Bal Ram Katha,Chapter 12
6,Honey Suckle,Chapter 1
6,Honey Suckle,Chapter 2
6,Honey Suckle,Chapter 3
6,Honey Suckle,Chapter 4
6,Honey Suckle,Chapter 5
6,Honey Suckle,Chapter 6
6,Honey Suckle,Chapter 7
6,Honey Suckle,Chapter 8
6,Honey Suckle,Chapter 9
6,Honey Suckle,Chapter 10
6,A pact with the Sun,Chapter 1
6,A pact with the Sun,Chapter 2
6,A pact with the Sun,Chapter 3
6,A pact with the Sun,Chapter 4
6,A pact with the Sun,Chapter 5
6,A pact with the Sun,Chapter 6
6,A pact with the Sun,Chapter 7
6,A pact with the Sun,Chapter 8
6,A pact with the Sun,Chapter 9
6,A pact with the Sun,Chapter 10
6,Mathematics,Chapter 1 - Knowing Our Numbers
6,Mathematics,Chapter 2 - Whole Numbers
6,Mathematics,Chapter 3 - Playing with Numbers
6,Mathematics,Chapter 4 - Basic Geometrical Ideas
6,Mathematics,Chapter 5 - Understanding Elementary Shapes
6,Mathematics,Chapter 6 - Integers
6,Mathematics,Chapter 7 - Fractions
6,Mathematics,Chapter 8 - Decimals
6,Mathematics,Chapter 9 - Data Handling
6,Mathematics,Chapter 10 - Mensuration
6,Mathematics,Chapter 11 - Algebra
6,Mathematics,Chapter 12 - Ratio and Proportion
6,Mathematics,Chapter 13 - Symmetry
6,Mathematics,Chapter 14 - Practical Geometry
6,Ganit ka jaadu ,Chapter 1
6,Ganit ka jaadu ,Chapter 2
6,Ganit ka jaadu ,Chapter 3
6,Ganit ka jaadu ,Chapter 4
6,Ganit ka jaadu ,Chapter 5
6,Ganit ka jaadu ,Chapter 6
6,Ganit ka jaadu ,Chapter 7
6,Ganit ka jaadu ,Chapter 8
6,Ganit ka jaadu ,Chapter 9
6,Ganit ka jaadu ,Chapter 10
6,Ganit ka jaadu ,Chapter 11
6,Ganit ka jaadu ,Chapter 12
6,Ganit ka jaadu ,Chapter 13
6,Ganit ka jaadu ,Chapter 14
6,Exemplar Problem(English),Chapter 1
6,Exemplar Problem(English),Chapter 2
6,Exemplar Problem(English),Chapter 3
6,Exemplar Problem(English),Chapter 4
6,Exemplar Problem(English),Chapter 5
6,Exemplar Problem(English),Chapter 6
6,Exemplar Problem(English),Chapter 7
6,Exemplar Problem(English),Chapter 8
6,Exemplar Problem(English),Chapter 9
6,Exemplar Problem(Hindi),Chapter 1
6,Exemplar Problem(Hindi),Chapter 2
6,Exemplar Problem(Hindi),Chapter 3
6,Exemplar Problem(Hindi),Chapter 4
6,Exemplar Problem(Hindi),Chapter 5
6,Exemplar Problem(Hindi),Chapter 6
6,Exemplar Problem(Hindi),Chapter 7
6,Exemplar Problem(Hindi),Chapter 8
6,Exemplar Problem(Hindi),Chapter 9
6,History-Our Past,Chapter 1
6,History-Our Past,Chapter 2
6,History-Our Past,Chapter 3
6,History-Our Past,Chapter 4
6,History-Our Past,Chapter 5
6,History-Our Past,Chapter 6
6,History-Our Past,Chapter 7
6,History-Our Past,Chapter 8
6,History-Our Past,Chapter 9
6,History-Our Past,Chapter 10
6,History-Our Past,Chapter 11
6,History-Our Past,Chapter 12
6,Hamare Ateet,Chapter 1
6,Hamare Ateet,Chapter 2
6,Hamare Ateet,Chapter 3
6,Hamare Ateet,Chapter 4
6,Hamare Ateet,Chapter 5
6,Hamare Ateet,Chapter 6
6,Hamare Ateet,Chapter 7
6,Hamare Ateet,Chapter 8
6,Hamare Ateet,Chapter 9
6,Hamare Ateet,Chapter 10
6,Hamare Ateet,Chapter 11
6,Hamare Ateet,Chapter 12
6,The Earth our habitate,Chapter 1- The Earth in the Solar system
6,The Earth our habitate,Chapter 2- Globe: Latitudes and Longitudes
6,The Earth our habitate,Chapter 3- Motions of the Earth
6,The Earth our habitate,Chapter 4- Maps
6,The Earth our habitate,Chapter 5- Major Domains of the Earth
6,The Earth our habitate,Chapter 6- Major Landforms of the Earth
6,The Earth our habitate,Chapter 7- Our country - India
6,The Earth our habitate,Chapter 8-Vegitation and Wildlife
6,Social and Political Life,Chapter 1- Understanding Diversity
6,Social and Political Life,Chapter 2- Diversity and Discrimination
6,Social and Political Life,Chapter 3- What is Government?
6,Social and Political Life,Chapter 4- Key Elements of a Democratic Government
6,Social and Political Life,Chapter 5- Panchayati Raj 
6,Social and Political Life,Chapter 6- Rural Administration
6,Social and Political Life,Chapter 7- Urban Administration
6,Social and Political Life,Chapter 8- Rural Livelihoods
6,Social and Political Life,Chapter 9- Urban Livelihoods
6,Samajik avam Rajnitik Jeevan,Chapter 1- Understanding Diversity
6,Samajik avam Rajnitik Jeevan,Chapter 2- Diversity and Discrimination
6,Samajik avam Rajnitik Jeevan,Chapter 3- What is Government?
6,Samajik avam Rajnitik Jeevan,Chapter 4- Key Elements of a Democratic Government
6,Samajik avam Rajnitik Jeevan,Chapter 5- Panchayati Raj 
6,Samajik avam Rajnitik Jeevan,Chapter 6- Rural Administration
6,Samajik avam Rajnitik Jeevan,Chapter 7- Urban Administration
6,Samajik avam Rajnitik Jeevan,Chapter 8- Rural Livelihoods
6,Samajik avam Rajnitik Jeevan,Chapter 9- Urban Livelihoods
6,Prithvi Hamara Avas (Bhugol),Chapter 1- The Earth in the Solar system
6,Prithvi Hamara Avas (Bhugol),Chapter 2- Globe: Latitudes and Longitudes
6,Prithvi Hamara Avas (Bhugol),Chapter 3- Motions of the Earth
6,Prithvi Hamara Avas (Bhugol),Chapter 4- Maps
6,Prithvi Hamara Avas (Bhugol),Chapter 5- Major Domains of the Earth
6,Prithvi Hamara Avas (Bhugol),Chapter 6- Major Landforms of the Earth
6,Prithvi Hamara Avas (Bhugol),Chapter 7- Our country - India
6,Prithvi Hamara Avas (Bhugol),Chapter 8-Vegitation and Wildlife
6,Ruchira,Chapter 1
6,Ruchira,Chapter 2
6,Ruchira,Chapter 3
6,Ruchira,Chapter 4
6,Ruchira,Chapter 5
6,Ruchira,Chapter 6
6,Ruchira,Chapter 7
6,Ruchira,Chapter 8
6,Ruchira,Chapter 9
6,Ruchira,Chapter 10
6,Ruchira,Chapter 11
6,Ruchira,Chapter 12
6,Ruchira,Chapter 13
6,Ruchira,Chapter 14
6,Ruchira,Chapter 15
6,Vigyan,Chapter 1
6,Vigyan,Chapter 2
6,Vigyan,Chapter 3
6,Vigyan,Chapter 4
6,Vigyan,Chapter 5
6,Vigyan,Chapter 6
6,Vigyan,Chapter 7
6,Vigyan,Chapter 8
6,Vigyan,Chapter 9
6,Vigyan,Chapter 10
6,Vigyan,Chapter 11
6,Vigyan,Chapter 12
6,Vigyan,Chapter 13
6,Vigyan,Chapter 14
6,Vigyan,Chapter 15
6,Vigyan,Chapter 16
6,Science,Chapter 1
6,Science,Chapter 2
6,Science,Chapter 3
6,Science,Chapter 4
6,Science,Chapter 5
6,Science,Chapter 6
6,Science,Chapter 7
6,Science,Chapter 8
6,Science,Chapter 9
6,Science,Chapter 10
6,Science,Chapter 11
6,Science,Chapter 12
6,Science,Chapter 13
6,Science,Chapter 14
6,Science,Chapter 15
6,Science,Chapter 16
6,Examplar Problems,Chapter 1
6,Examplar Problems,Chapter 2
6,Examplar Problems,Chapter 3
6,Examplar Problems,Chapter 4
6,Examplar Problems,Chapter 5
6,Examplar Problems,Chapter 6
6,Examplar Problems,Chapter 7
6,Examplar Problems,Chapter 8
6,Examplar Problems,Chapter 9
6,Examplar Problems,Chapter 10
6,Examplar Problems,Chapter 11
6,Examplar Problems,Chapter 12
6,Examplar Problems,Chapter 13
6,Examplar Problems,Chapter 14
6,Examplar Problems,Chapter 15
6,Examplar Problems,Chapter 16
7,Ganit,Chapter 1 - Integers
7,Ganit,Chapter 2 - Fractions and Decimals
7,Ganit,Chapter 3 - Data Handling
7,Ganit,Chapter 4 - Simple Equations
7,Ganit,Chapter 5 - Lines and Angles
7,Ganit,Chapter 6 - The Triangle and Its Properties
7,Ganit,Chapter 7 - Congruence of Triangles
7,Ganit,Chapter 8 - Comparing Quantities
7,Ganit,Chapter 9 - Rational Numbers
7,Ganit,Chapter 10 - Practical Geometry
7,Ganit,Chapter 11 - Perimeter and Area
7,Ganit,Chapter 12 - Algebraic Expressions
7,Ganit,Chapter 13 - Exponents and Powers
7,Ganit,Chapter 14 - Symmetry
7,Ganit,Chapter 15 - Visualising Solid Shapes
7,Mathematics,Chapter 1 - Integers
7,Mathematics,Chapter 2 - Fractions and Decimals
7,Mathematics,Chapter 3 - Data Handling
7,Mathematics,Chapter 4 - Simple Equations
7,Mathematics,Chapter 5 - Lines and Angles
7,Mathematics,Chapter 6 - The Triangle and Its Properties
7,Mathematics,Chapter 7 - Congruence of Triangles
7,Mathematics,Chapter 8 - Comparing Quantities
7,Mathematics,Chapter 9 - Rational Numbers
7,Mathematics,Chapter 10 - Practical Geometry
7,Mathematics,Chapter 11 - Perimeter and Area
7,Mathematics,Chapter 12 - Algebraic Expressions
7,Mathematics,Chapter 13 - Exponents and Powers
7,Mathematics,Chapter 14 - Symmetry
7,Mathematics,Chapter 15 - Visualising Solid Shapes
7,Science,Chapter 1
7,Science,Chapter 2
7,Science,Chapter 3
7,Science,Chapter 4
7,Science,Chapter 5
7,Science,Chapter 6
7,Science,Chapter 7
7,Science,Chapter 8
7,Science,Chapter 9
7,Science,Chapter 10
7,Science,Chapter 11
7,Science,Chapter 12
7,Science,Chapter 13
7,Science,Chapter 14
7,Science,Chapter 15
7,Science,Chapter 16
7,Science,Chapter 17
7,Science,Chapter 18
7,Science,Chapter 19
7,Vigyan,Chapter 1
7,Vigyan,Chapter 2
7,Vigyan,Chapter 3
7,Vigyan,Chapter 4
7,Vigyan,Chapter 5
7,Vigyan,Chapter 6
7,Vigyan,Chapter 7
7,Vigyan,Chapter 8
7,Vigyan,Chapter 9
7,Vigyan,Chapter 10
7,Vigyan,Chapter 11
7,Vigyan,Chapter 12
7,Vigyan,Chapter 13
7,Vigyan,Chapter 14
7,Vigyan,Chapter 15
7,Vigyan,Chapter 16
7,Vigyan,Chapter 17
7,Vigyan,Chapter 18
7,Examplar Problems,Chapter  1
7,Examplar Problems,Chapter  2
7,Examplar Problems,Chapter  3
7,Examplar Problems,Chapter  4
7,Examplar Problems,Chapter  5
7,Examplar Problems,Chapter  6
7,Examplar Problems,Chapter  7
7,Examplar Problems,Chapter  8
7,Examplar Problems,Chapter  9
7,Examplar Problems,Chapter  10
7,Examplar Problems,Chapter  11
7,Examplar Problems,Chapter  12
7,Examplar Problems,Chapter  13
7,Examplar Problems,Chapter  14
7,Examplar Problems,Chapter  15
7,Examplar Problems,Chapter  16
7,Examplar Problems,Chapter  17
7,Examplar Problems,Chapter  18
7,Examplar Problems,Chapter  19
7,Honeycomb,Chapter 1
7,Honeycomb,Chapter 2
7,Honeycomb,Chapter 3
7,Honeycomb,Chapter 4
7,Honeycomb,Chapter 5
7,Honeycomb,Chapter 6
7,Honeycomb,Chapter 7
7,Honeycomb,Chapter 8
7,Honeycomb,Chapter 9
7,Honeycomb,Chapter 10
7,An alienhand Supplementary reader,Chapter 1
7,An alienhand Supplementary reader,Chapter 2
7,An alienhand Supplementary reader,Chapter 3
7,An alienhand Supplementary reader,Chapter 4
7,An alienhand Supplementary reader,Chapter 5
7,An alienhand Supplementary reader,Chapter 6
7,An alienhand Supplementary reader,Chapter 7
7,An alienhand Supplementary reader,Chapter 8
7,An alienhand Supplementary reader,Chapter 9
7,An alienhand Supplementary reader,Chapter 10
7,Ruchira,Chapter 1
7,Ruchira,Chapter 2
7,Ruchira,Chapter 3
7,Ruchira,Chapter 4
7,Ruchira,Chapter 5
7,Ruchira,Chapter 6
7,Ruchira,Chapter 7
7,Ruchira,Chapter 8
7,Ruchira,Chapter 9
7,Ruchira,Chapter 10
7,Ruchira,Chapter 11
7,Ruchira,Chapter 12
7,Ruchira,Chapter 13
7,Ruchira,Chapter 14
7,Ruchira,Chapter 15
7,Social and Political Life,Chapter 1
7,Social and Political Life,Chapter 2
7,Social and Political Life,Chapter 3
7,Social and Political Life,Chapter 4
7,Social and Political Life,Chapter 5
7,Social and Political Life,Chapter 6
7,Social and Political Life,Chapter 7
7,Social and Political Life,Chapter 8
7,Social and Political Life,Chapter 9
7,Social and Political Life,Chapter 10
7,Saamaajik aur rajneetik jeevan,Chapter 1
7,Saamaajik aur rajneetik jeevan,Chapter 2
7,Saamaajik aur rajneetik jeevan,Chapter 3
7,Saamaajik aur rajneetik jeevan,Chapter 4
7,Saamaajik aur rajneetik jeevan,Chapter 5
7,Saamaajik aur rajneetik jeevan,Chapter 6
7,Saamaajik aur rajneetik jeevan,Chapter 7
7,Saamaajik aur rajneetik jeevan,Chapter 8
7,Saamaajik aur rajneetik jeevan,Chapter 9
7,Saamaajik aur rajneetik jeevan,Chapter 10
7,Our pasts,Chapter 1
7,Our pasts,Chapter 2
7,Our pasts,Chapter 3
7,Our pasts,Chapter 4
7,Our pasts,Chapter 5
7,Our pasts,Chapter 6
7,Our pasts,Chapter 7
7,Our pasts,Chapter 8
7,Our pasts,Chapter 9
7,Our pasts,Chapter 10
7,Hamare Ateet,Chapter 1
7,Hamare Ateet,Chapter 2
7,Hamare Ateet,Chapter 3
7,Hamare Ateet,Chapter 4
7,Hamare Ateet,Chapter 5
7,Hamare Ateet,Chapter 6
7,Hamare Ateet,Chapter 7
7,Hamare Ateet,Chapter 8
7,Hamare Ateet,Chapter 9
7,Hamare Ateet,Chapter 10
7,Our Environment,Chapter 1
7,Our Environment,Chapter 2
7,Our Environment,Chapter 3
7,Our Environment,Chapter 4
7,Our Environment,Chapter 5
7,Our Environment,Chapter 6
7,Our Environment,Chapter 7
7,Our Environment,Chapter 8
7,Our Environment,Chapter 9
7,Our Environment,Chapter 10
7,Hamara Paryavaran,Chapter 1
7,Hamara Paryavaran,Chapter 2
7,Hamara Paryavaran,Chapter 3
7,Hamara Paryavaran,Chapter 4
7,Hamara Paryavaran,Chapter 5
7,Hamara Paryavaran,Chapter 6
7,Hamara Paryavaran,Chapter 7
7,Hamara Paryavaran,Chapter 8
7,Hamara Paryavaran,Chapter 9
7,Hamara Paryavaran,Chapter 10
7,Vasant,Chapter 1
7,Vasant,Chapter 2
7,Vasant,Chapter 3
7,Vasant,Chapter 4
7,Vasant,Chapter 5
7,Vasant,Chapter 6
7,Vasant,Chapter 7
7,Vasant,Chapter 8
7,Vasant,Chapter 9
7,Vasant,Chapter 10
7,Vasant,Chapter 11
7,Vasant,Chapter 12
7,Vasant,Chapter 13
7,Vasant,Chapter 14
7,Vasant,Chapter 15
7,Vasant,Chapter 16
7,Vasant,Chapter 17
7,Vasant,Chapter 18
7,Vasant,Chapter 19
7,Vasant,Chapter 20
7,Durva,Chapter 1
7,Durva,Chapter 2
7,Durva,Chapter 3
7,Durva,Chapter 4
7,Durva,Chapter 5
7,Durva,Chapter 6
7,Durva,Chapter 7
7,Durva,Chapter 8
7,Durva,Chapter 9
7,Durva,Chapter 10
7,Durva,Chapter 11
7,Durva,Chapter 12
7,Durva,Chapter 13
7,Durva,Chapter 14
7,Durva,Chapter 15
7,Durva,Chapter 16
7,Durva,Chapter 17
7,Durva,Chapter 18
7,Mahabharat,Chapter 1
8,Vasant,Chapter 1
8,Vasant,Chapter 2
8,Vasant,Chapter 3
8,Vasant,Chapter 4
8,Vasant,Chapter 5
8,Vasant,Chapter 6
8,Vasant,Chapter 7
8,Vasant,Chapter 8
8,Vasant,Chapter 9
8,Vasant,Chapter 10
8,Vasant,Chapter 11
8,Vasant,Chapter 12
8,Vasant,Chapter 13
8,Vasant,Chapter 14
8,Vasant,Chapter 15
8,Honeydew,Chapter 1- The Best Christmas Present in the World
8,Honeydew,Chapter 2- The Tsunami
8,Honeydew,Chapter 3- Glimpses of the Past
8,Honeydew,Chapter 4- Bepin Choudhury's Lapse of Memory
8,Honeydew,Chapter 5- The Summit Within
8,Honeydew,Chapter 6- This is Jody's Fawn
8,Honeydew,Chapter 7- A Visit to Cambridge
8,Honeydew,Chapter 8- A Short Monsoon Diary
8,Honeydew,Chapter 9- The Great Stone Face - I
8,Honeydew,Chapter 10- The Great Stone Face - II
8,It so Happened,How the camel got his hump
8,It so Happened,Children at work
8,It so Happened,The selfish giant
8,It so Happened,The treasure within
8,It so Happened,Princess September
8,It so Happened,The fight
8,It so Happened,The open window
8,It so Happened,Jalebis
8,It so Happened,The comet 1
8,It so Happened,The comet 2
8,Mathematics,Chapter 1 : Rational Numbers
8,Mathematics,Chapter 2 : Pair of Linear Equations in One Variables
8,Mathematics,Chapter 3 : Understanding Quadrilaterals
8,Mathematics,Chapter 4 : Practical Geometry
8,Mathematics,Chapter 5 : Data Handling
8,Mathematics,Chapter 6 : Squares and Square Roots
8,Mathematics,Chapter 7 : Cubes and Cube Roots
8,Mathematics,Chapter 8 : Comparing Quantities
8,Mathematics,Chapter 9 : Algebraic Expressions and Identities
8,Mathematics,Chapter 10 : Visualising Solid Shapes
8,Mathematics,Chapter 11 : Mensuration
8,Mathematics,Chapter 12 : Exponents and Powers
8,Mathematics,Chapter 13 : Direct and Inverse Proportions
8,Mathematics,Chapter 14 : Factorisations
8,Mathematics,Chapter 15 : Introduction to Graphs
8,Mathematics,Chapter 16 : Playing with Numbers
8,Ganit,Chapter 1
8,Ganit,Chapter 2
8,Ganit,Chapter 3
8,Ganit,Chapter 4
8,Ganit,Chapter 5
8,Ganit,Chapter 6
8,Ganit,Chapter 7
8,Ganit,Chapter 8
8,Ganit,Chapter 9
8,Ganit,Chapter 10
8,Ganit,Chapter 11
8,Ganit,Chapter 12
8,Ganit,Chapter 13
8,Ganit,Chapter 14
8,Ganit,Chapter 15
8,Ganit,Chapter 16
8,Vasant,Chapter 1
8,Vasant,Chapter 2
8,Vasant,Chapter 3
8,Vasant,Chapter 4
8,Vasant,Chapter 5
8,Vasant,Chapter 6
8,Vasant,Chapter 7
8,Vasant,Chapter 8
8,Vasant,Chapter 9
8,Vasant,Chapter 10
8,Vasant,Chapter 11
8,Vasant,Chapter 12
8,Vasant,Chapter 13
8,Vasant,Chapter 14
8,Vasant,Chapter 15
8,Durva,Chapter 1
8,Durva,Chapter 2
8,Durva,Chapter 3
8,Durva,Chapter 4
8,Durva,Chapter 5
8,Durva,Chapter 6
8,Durva,Chapter 7
8,Durva,Chapter 8
8,Durva,Chapter 9
8,Durva,Chapter 10
8,Durva,Chapter 11
8,Durva,Chapter 12
8,Durva,Chapter 13
8,Durva,Chapter 14
8,Durva,Chapter 15
8,Durva,Chapter 16
8,Durva,Chapter 17
8,Durva,Chapter 18
8,Durva,Chapter 19
8,Bharat ki khoj,Chapter 1
8,Bharat ki khoj,Chapter 2
8,Bharat ki khoj,Chapter 3
8,Bharat ki khoj,Chapter 4
8,Bharat ki khoj,Chapter 5
8,Bharat ki khoj,Chapter 6
8,Bharat ki khoj,Chapter 7
8,Bharat ki khoj,Chapter 8
8,Bharat ki khoj,Chapter 9
8,Science,Crop Production And Management
8,Science,Microorganisms : Friend And Foe
8,Science,Synthetic Fibres And Plastics
8,Science,Materials : Metals And Non-Metals
8,Science,Coal And Petroleum
8,Science,Combustion And Flame
8,Science,Conservation Of Plants And Animals
8,Science,Cell — Structure And Functions
8,Science,Reproduction In Animals
8,Science,Reaching The Age Of Adolescence
8,Science,Force And Pressure
8,Science,Friction
8,Science,Sound
8,Science,Chemical Effects Of Electric Current
8,Science,Some Natural Phenomena
8,Science,Light
8,Science,Stars And The Solar System
8,Science,Pollution Of Air And Water
8,Vigyan,Chapter 1
8,Vigyan,Chapter 2
8,Vigyan,Chapter 3
8,Vigyan,Chapter 4
8,Vigyan,Chapter 5
8,Vigyan,Chapter 6
8,Vigyan,Chapter 7
8,Vigyan,Chapter 8
8,Vigyan,Chapter 9
8,Vigyan,Chapter 10
8,Vigyan,Chapter 11
8,Vigyan,Chapter 12
8,Vigyan,Chapter 13
8,Vigyan,Chapter 14
8,Vigyan,Chapter 15
8,Vigyan,Chapter 16
8,Vigyan,Chapter 17
8,Vigyan,Chapter 18
8,Examplar Problems,Chapter 1
8,Examplar Problems,Chapter 2
8,Examplar Problems,Chapter 3
8,Examplar Problems,Chapter 4
8,Examplar Problems,Chapter 5
8,Examplar Problems,Chapter 6
8,Examplar Problems,Chapter 7
8,Examplar Problems,Chapter 8
8,Examplar Problems,Chapter 9
8,Examplar Problems,Chapter 10
8,Examplar Problems,Chapter 11
8,Examplar Problems,Chapter 12
8,Examplar Problems,Chapter 13
8,Examplar Problems,Chapter 14
8,Examplar Problems,Chapter 15
8,Examplar Problems,Chapter 16
8,Examplar Problems,Chapter 17
8,Examplar Problems,Chapter 18
8,Resource and Development(Geography),Resources
8,Resource and Development(Geography),Natural Vegetation and Wildlife
8,Resource and Development(Geography),Mineral and Power Resources
8,Resource and Development(Geography),Agriculture
8,Resource and Development(Geography),Industries
8,Resource and Development(Geography),Human Resources
8,Sansadhan avam Vikas (Bhugol),Chapter 1
8,Sansadhan avam Vikas (Bhugol),Chapter 2
8,Sansadhan avam Vikas (Bhugol),Chapter 3
8,Sansadhan avam Vikas (Bhugol),Chapter 4
8,Sansadhan avam Vikas (Bhugol),Chapter 5
8,Sansadhan avam Vikas (Bhugol),Chapter 6
8,Social and Political Life,Chapter 1- The Indian Constitution
8,Social and Political Life,Chapter 2- Understanding Secularism
8,Social and Political Life,Chapter 3- Why Do We Need a Parliament?
8,Social and Political Life,Chapter 4- Understanding Laws
8,Social and Political Life,Chapter 5- Judiciary
8,Social and Political Life,Chapter 6- Understanding Our Criminal Justice System
8,Social and Political Life,Chapter 7- Understanding Marginalisation
8,Social and Political Life,Chapter 8- Confronting Marginalisation
8,Social and Political Life,Chapter 9- Public Facilities
8,Social and Political Life,Chapter 10- Law and Social Justice  
8,Samajik avam Rajnetik Jeevan,Chapter 1- The Indian Constitution
8,Samajik avam Rajnetik Jeevan,Chapter 2- Understanding Secularism
8,Samajik avam Rajnetik Jeevan,Chapter 3- Why Do We Need a Parliament?
8,Samajik avam Rajnetik Jeevan,Chapter 4- Understanding Laws
8,Samajik avam Rajnetik Jeevan,Chapter 5- Judiciary
8,Samajik avam Rajnetik Jeevan,Chapter 6- Understanding Our Criminal Justice System
8,Samajik avam Rajnetik Jeevan,Chapter 7- Understanding Marginalisation
8,Samajik avam Rajnetik Jeevan,Chapter 8- Confronting Marginalisation
8,Samajik avam Rajnetik Jeevan,Chapter 9- Public Facilities
8,Samajik avam Rajnetik Jeevan,Chapter 10- Law and Social Justice  
8,Our pasts - III (Part-1),"How, When & Where?"
8,Our pasts - III (Part-1),From Trade to Territory
8,Our pasts - III (Part-1),Ruling the Countryside
8,Our pasts - III (Part-1),"Tribals, Dikus and the Vision of a Golden Age"
8,Our pasts - III (Part-1),When People Rebel 1857
8,Our pasts - III (Part-1),Colonialism and the City
8,Our pasts - III (Part-2),"Weavers, Iron Smelters and Factory Owners"
8,Our pasts - III (Part-2),"Civilising the “Native”, Educating the Nation"
8,Our pasts - III (Part-2),"Women, Caste and Reform"
8,Our pasts - III (Part-2),The Making of the National Movement: 1870s--1947
8,Our pasts - III (Part-2),"Buildings, Paintings And Books"
8,Our pasts - III (Part-2),India After Independence
8,Hamare Ateet - III (Part-1),"How, When & Where?"
8,Hamare Ateet - III (Part-1),From Trade to Territory
8,Hamare Ateet - III (Part-1),Ruling the Countryside
8,Hamare Ateet - III (Part-1),"Tribals, Dikus and the Vision of a Golden Age"
8,Hamare Ateet - III (Part-1),When People Rebel 1857
8,Hamare Ateet - III (Part-1),Colonialism and the City
8,Hamare Ateet - III (Part-1),"Weavers, Iron Smelters and Factory Owners"
8,Hamare Ateet - III (Part-1),"Civilising the “Native”, Educating the Nation"
8,Hamare Ateet - III (Part-1),"Women, Caste and Reform"
8,Hamare Ateet - III (Part-1),The Making of the National Movement: 1870s--1947
8,Hamare Ateet - III (Part-1),"Buildings, Paintings And Books"
8,Hamare Ateet - III (Part-1),India After Independence
8,Hamare Ateet - III (Part-2),"Weavers, Iron Smelters and Factory Owners"
8,Hamare Ateet - III (Part-2),"Civilising the “Native”, Educating the Nation"
8,Hamare Ateet - III (Part-2),"Women, Caste and Reform"
8,Hamare Ateet - III (Part-2),The Making of the National Movement: 1870s--1947
8,Hamare Ateet - III (Part-2),"Buildings, Paintings And Books"
8,Hamare Ateet - III (Part-2),India After Independence
8,Ruchira,Chapter 1
8,Ruchira,Chapter 2
8,Ruchira,Chapter 3
8,Ruchira,Chapter 4
8,Ruchira,Chapter 5
8,Ruchira,Chapter 6
8,Ruchira,Chapter 7
8,Ruchira,Chapter 8
8,Ruchira,Chapter 9
8,Ruchira,Chapter 10
8,Ruchira,Chapter 11
8,Ruchira,Chapter 12
8,Ruchira,Chapter 13
8,Ruchira,Chapter 14
8,Ruchira,Chapter 15
9,Beehive English Text Book,The Fun They Had
9,Beehive English Text Book,The Sound of Music
9,Beehive English Text Book,The Little Girl
9,Beehive English Text Book,A Truly Beautiful Mind
9,Beehive English Text Book,Snake & The Mirror
9,Beehive English Text Book,My Childhood
9,Beehive English Text Book,Packing
9,Beehive English Text Book,Reach for the Top
9,Beehive English Text Book,The Bond of Love
9,Beehive English Text Book,Kathmandu
9,Beehive English Text Book,If I were you
9,Moments Supplimentary Reader,The Lost Child
9,Moments Supplimentary Reader,The Adventures of Toto
9,Moments Supplimentary Reader,Iswaran the Storyteller
9,Moments Supplimentary Reader,In the Kingdom of Fools
9,Moments Supplimentary Reader,The Happy Prince
9,Moments Supplimentary Reader,Weathering the Storm in Ersama
9,Moments Supplimentary Reader,The Last Leaf
9,Moments Supplimentary Reader,A House Is Not a Home
9,Moments Supplimentary Reader,The Accidental Tourist
9,Moments Supplimentary Reader,The Beggar
9,Kshitij Hindi Text Book,Chapter 1
9,Kshitij Hindi Text Book,Chapter 2
9,Kshitij Hindi Text Book,Chapter 3
9,Kshitij Hindi Text Book,Chapter 4
9,Kshitij Hindi Text Book,Chapter 5
9,Kshitij Hindi Text Book,Chapter 6
9,Kshitij Hindi Text Book,Chapter 7
9,Kshitij Hindi Text Book,Chapter 8
9,Kshitij Hindi Text Book,Chapter 9
9,Kshitij Hindi Text Book,Chapter 10
9,Kshitij Hindi Text Book,Chapter 11
9,Kshitij Hindi Text Book,Chapter 12
9,Kshitij Hindi Text Book,Chapter 13
9,Kshitij Hindi Text Book,Chapter 14
9,Kshitij Hindi Text Book,Chapter 15
9,Kshitij Hindi Text Book,Chapter 16
9,Sparsh,Chapter 1
9,Sparsh,Chapter 2
9,Sparsh,Chapter 3
9,Sparsh,Chapter 4
9,Sparsh,Chapter 5
9,Sparsh,Chapter 6
9,Sparsh,Chapter 7
9,Sparsh,Chapter 8
9,Sparsh,Chapter 9
9,Sparsh,Chapter 10
9,Sparsh,Chapter 11
9,Sparsh,Chapter 12
9,Sparsh,Chapter 13
9,Sparsh,Chapter 14
9,Sparsh,Chapter 15
9,Sparsh,Chapter 16
9,Kritika,Chapter 1
9,Kritika,Chapter 2
9,Kritika,Chapter 3
9,Kritika,Chapter 4
9,Kritika,Chapter 5
9,Sanchayan,Chapter 1
9,Sanchayan,Chapter 2
9,Sanchayan,Chapter 3
9,Sanchayan,Chapter 4
9,Sanchayan,Chapter 5
9,Sanchayan,Chapter 6
9,Mathematics,Chapter 1 : Number Systems
9,Mathematics,Chapter 2 : Polynomials
9,Mathematics,Chapter 3 : Coordinate Geometry
9,Mathematics,Chapter 4 : Linear Equations in Two Variables
9,Mathematics,Chapter 5 : Introduction to Euclid’s Geometry
9,Mathematics,Chapter 6 : Lines and Angles
9,Mathematics,Chapter 7 : Triangles
9,Mathematics,Chapter 8 : Quadrilaterals
9,Mathematics,Chapter 9 : Areas of Parallelograms and Triangles
9,Mathematics,Chapter 10 : Circles
9,Mathematics,Chapter 11 : Constructions
9,Mathematics,Chapter 12 : HERONS Formula
9,Mathematics,Chapter 13 : Surface Areas and Volumes
9,Mathematics,Chapter 14 : Statistics
9,Mathematics,Chapter 15 : Probability
9,Ganit,Chapter 1
9,Ganit,Chapter 2
9,Ganit,Chapter 3
9,Ganit,Chapter 4
9,Ganit,Chapter 5
9,Ganit,Chapter 6
9,Ganit,Chapter 7
9,Ganit,Chapter 8
9,Ganit,Chapter 9
9,Ganit,Chapter 10
9,Ganit,Chapter 11
9,Ganit,Chapter 12
9,Ganit,Chapter 13
9,Ganit,Chapter 14
9,Ganit,Chapter 15
9,Examplar Problems Maths(English),Chapter 1
9,Examplar Problems Maths(English),Chapter 2
9,Examplar Problems Maths(English),Chapter 3
9,Examplar Problems Maths(English),Chapter 4
9,Examplar Problems Maths(English),Chapter 5
9,Examplar Problems Maths(English),Chapter 6
9,Examplar Problems Maths(English),Chapter 7
9,Examplar Problems Maths(English),Chapter 8
9,Examplar Problems Maths(English),Chapter 9
9,Examplar Problems Maths(English),Chapter 10
9,Examplar Problems Maths(English),Chapter 11
9,Examplar Problems Maths(English),Chapter 12
9,Examplar Problems Maths(English),Chapter 13
9,Examplar Problems Maths(English),Chapter 14
9,Examplar Problems Maths(English),Chapter 15
9,Examplar Problems Maths(English),Chapter 16
9,Examplar Problems Maths(English),Chapter 17
9,Examplar Problems Maths(Hindi),Chapter 1
9,Examplar Problems Maths(Hindi),Chapter 2
9,Examplar Problems Maths(Hindi),Chapter 3
9,Examplar Problems Maths(Hindi),Chapter 4
9,Examplar Problems Maths(Hindi),Chapter 5
9,Examplar Problems Maths(Hindi),Chapter 6
9,Examplar Problems Maths(Hindi),Chapter 7
9,Examplar Problems Maths(Hindi),Chapter 8
9,Examplar Problems Maths(Hindi),Chapter 9
9,Examplar Problems Maths(Hindi),Chapter 10
9,Examplar Problems Maths(Hindi),Chapter 11
9,Examplar Problems Maths(Hindi),Chapter 12
9,Examplar Problems Maths(Hindi),Chapter 13
9,Examplar Problems Maths(Hindi),Chapter 14
9,Examplar Problems Maths(Hindi),Chapter 15
9,Examplar Problems Maths(Hindi),Chapter 16
9,Examplar Problems Maths(Hindi),Chapter 17
9,Science,Matter
9,Science,Mixture
9,Science,Atoms-Molecules
9,Science,Structure of Atom
9,Science,Forces & Law Of Motion
9,Science,Motion
9,Science,Gravitation
9,Science,Work & Energy
9,Science,Sound
9,Science,Living Organism
9,Science,Cell
9,Science,Tissue
9,Science,Why Do We Fall Ill?
9,Science,NaturalResources
9,Science,Food Production
9,Vigyan,Matter
9,Vigyan,Mixture
9,Vigyan,Atoms-Molecules
9,Vigyan,Structure of Atom
9,Vigyan,Forces & Law Of Motion
9,Vigyan,Motion
9,Vigyan,Gravitation
9,Vigyan,Work & Energy
9,Vigyan,Sound
9,Vigyan,Living Organism
9,Vigyan,Cell
9,Vigyan,Tissue
9,Vigyan,Why Do We Fall Ill?
9,Vigyan,NaturalResources
9,Vigyan,Food Production
9,Examplar problem Science(English),Chapter 1
9,Examplar problem Science(English),Chapter 2
9,Examplar problem Science(English),Chapter 3
9,Examplar problem Science(English),Chapter 4
9,Examplar problem Science(English),Chapter 5
9,Examplar problem Science(English),Chapter 6
9,Examplar problem Science(English),Chapter 7
9,Examplar problem Science(English),Chapter 8
9,Examplar problem Science(English),Chapter 9
9,Examplar problem Science(English),Chapter 10
9,Examplar problem Science(English),Chapter 11
9,Examplar problem Science(English),Chapter 12
9,Examplar problem Science(English),Chapter 13
9,Examplar problem Science(English),Chapter 14
9,Examplar problem Science(English),Chapter 15
9,Examplar problem Science(English),Chapter 16
9,Examplar problem Science(English),Chapter 17
9,Examplar problem Science(Hindi),Chapter 1
9,Examplar problem Science(Hindi),Chapter 2
9,Examplar problem Science(Hindi),Chapter 3
9,Examplar problem Science(Hindi),Chapter 4
9,Examplar problem Science(Hindi),Chapter 5
9,Examplar problem Science(Hindi),Chapter 6
9,Examplar problem Science(Hindi),Chapter 7
9,Examplar problem Science(Hindi),Chapter 8
9,Examplar problem Science(Hindi),Chapter 9
9,Examplar problem Science(Hindi),Chapter 10
9,Examplar problem Science(Hindi),Chapter 11
9,Examplar problem Science(Hindi),Chapter 12
9,Examplar problem Science(Hindi),Chapter 13
9,Examplar problem Science(Hindi),Chapter 14
9,Examplar problem Science(Hindi),Chapter 15
9,Examplar problem Science(Hindi),Chapter 16
9,Examplar problem Science(Hindi),Chapter 17
9,Lab Manual (English),Chapter 1
9,Lab Manual (English),Chapter 2
9,Lab Manual (English),Chapter 3
9,Lab Manual (English),Chapter 4
9,Lab Manual (English),Chapter 5
9,Lab Manual (Hindi),Chapter 1
9,Lab Manual (Hindi),Chapter 2
9,Lab Manual (Hindi),Chapter 3
9,Lab Manual (Hindi),Chapter 4
9,Lab Manual (Hindi),Chapter 5
9,Democratic Politics,Chapter 1
9,Democratic Politics,Chapter 2
9,Democratic Politics,Chapter 3
9,Democratic Politics,Chapter 4
9,Democratic Politics,Chapter 5
9,Democratic Politics,Chapter 6
9,Loktrantik Rajniti,Chapter 1
9,Loktrantik Rajniti,Chapter 2
9,Loktrantik Rajniti,Chapter 3
9,Loktrantik Rajniti,Chapter 4
9,Loktrantik Rajniti,Chapter 5
9,Loktrantik Rajniti,Chapter 6
9,Contemporary India,Chapter 1
9,Contemporary India,Chapter 2
9,Contemporary India,Chapter 3
9,Contemporary India,Chapter 4
9,Contemporary India,Chapter 5
9,Contemporary India,Chapter 6
9,Samkalin Bharat,Chapter 1
9,Samkalin Bharat,Chapter 2
9,Samkalin Bharat,Chapter 3
9,Samkalin Bharat,Chapter 4
9,Samkalin Bharat,Chapter 5
9,Samkalin Bharat,Chapter 6
9,Arthshastra,Chapter 1
9,Arthshastra,Chapter 2
9,Arthshastra,Chapter 3
9,Arthshastra,Chapter 4
9,Economics,Chapter 1
9,Economics,Chapter 2
9,Economics,Chapter 3
9,Economics,Chapter 4
9,India and Contemporary World-I,Chapter 1
9,India and Contemporary World-I,Chapter 2
9,India and Contemporary World-I,Chapter 3
9,India and Contemporary World-I,Chapter 4
9,India and Contemporary World-I,Chapter 5
9,India and Contemporary World-I,Chapter 6
9,India and Contemporary World-I,Chapter 7
9,India and Contemporary World-I,Chapter 8
9,Bharat aur Samkalin Vishwa-I,Chapter 1
9,Bharat aur Samkalin Vishwa-I,Chapter 2
9,Bharat aur Samkalin Vishwa-I,Chapter 3
9,Bharat aur Samkalin Vishwa-I,Chapter 4
9,Bharat aur Samkalin Vishwa-I,Chapter 5
9,Bharat aur Samkalin Vishwa-I,Chapter 6
9,Bharat aur Samkalin Vishwa-I,Chapter 7
9,Bharat aur Samkalin Vishwa-I,Chapter 8
10,Mathematics,Real Number
10,Mathematics,Polynomials
10,Mathematics,Linear Equation
10,Mathematics,Quadratic Equations
10,Mathematics,Progression
10,Mathematics,Triangles
10,Mathematics,Coordinate Geometry
10,Mathematics,Trigonometry
10,Mathematics,Circle
10,Mathematics,Geometry Construction
10,Mathematics,Area of Circle
10,Mathematics,Surface Area
10,Mathematics,Statistics
10,Mathematics,Probability
10,Ganit,Real Number
10,Ganit,Polynomials
10,Ganit,Linear Equation
10,Ganit,Quadratic Equations
10,Ganit,Progression
10,Ganit,Triangles
10,Ganit,Coordinate Geometry
10,Ganit,Trigonometry
10,Ganit,Circle
10,Ganit,Geometry Construction
10,Ganit,Area of Circle
10,Ganit,Surface Area
10,Ganit,Statistics
10,Ganit,Probability
10,Examplar problems Maths (English),Chapter 1
10,Examplar problems Maths (English),Chapter 2
10,Examplar problems Maths (English),Chapter 3
10,Examplar problems Maths (English),Chapter 4
10,Examplar problems Maths (English),Chapter 5
10,Examplar problems Maths (English),Chapter 6
10,Examplar problems Maths (English),Chapter 7
10,Examplar problems Maths (English),Chapter 8
10,Examplar problems Maths (English),Chapter 9
10,Examplar problems Maths (English),Chapter 10
10,Examplar problems Maths (English),Chapter 11
10,Examplar problems Maths (English),Chapter 12
10,Examplar problems Maths (English),Chapter 13
10,Examplar problems Maths (English),Chapter 14
10,Examplar problems Maths (Hindi),Chapter 1
10,Examplar problems Maths (Hindi),Chapter 2
10,Examplar problems Maths (Hindi),Chapter 3
10,Examplar problems Maths (Hindi),Chapter 4
10,Examplar problems Maths (Hindi),Chapter 5
10,Examplar problems Maths (Hindi),Chapter 6
10,Examplar problems Maths (Hindi),Chapter 7
10,Examplar problems Maths (Hindi),Chapter 8
10,Examplar problems Maths (Hindi),Chapter 9
10,Examplar problems Maths (Hindi),Chapter 10
10,Examplar problems Maths (Hindi),Chapter 11
10,Examplar problems Maths (Hindi),Chapter 12
10,Examplar problems Maths (Hindi),Chapter 13
10,Examplar problems Maths (Hindi),Chapter 14
10,Examplar problems Science (Hindi),Chapter 1
10,Examplar problems Science (Hindi),Chapter 2
10,Examplar problems Science (Hindi),Chapter 3
10,Examplar problems Science (Hindi),Chapter 4
10,Examplar problems Science (Hindi),Chapter 5
10,Examplar problems Science (Hindi),Chapter 6
10,Examplar problems Science (Hindi),Chapter 7
10,Examplar problems Science (Hindi),Chapter 8
10,Examplar problems Science (Hindi),Chapter 9
10,Examplar problems Science (Hindi),Chapter 10
10,Examplar problems Science (Hindi),Chapter 11
10,Examplar problems Science (Hindi),Chapter 12
10,Examplar problems Science (Hindi),Chapter 13
10,Examplar problems Science (Hindi),Chapter 14
10,Examplar problems Science (Hindi),Chapter 15
10,Examplar problems Science (Hindi),Chapter 16
10,Examplar problems Science (Hindi),Chapter 17
10,Examplar problems Science (Hindi),Chapter 18
10,Examplar problems Science (English),Chapter 1
10,Examplar problems Science (English),Chapter 2
10,Examplar problems Science (English),Chapter 3
10,Examplar problems Science (English),Chapter 4
10,Examplar problems Science (English),Chapter 5
10,Examplar problems Science (English),Chapter 6
10,Examplar problems Science (English),Chapter 7
10,Examplar problems Science (English),Chapter 8
10,Examplar problems Science (English),Chapter 9
10,Examplar problems Science (English),Chapter 10
10,Examplar problems Science (English),Chapter 11
10,Examplar problems Science (English),Chapter 12
10,Examplar problems Science (English),Chapter 13
10,Examplar problems Science (English),Chapter 14
10,Examplar problems Science (English),Chapter 15
10,Examplar problems Science (English),Chapter 16
10,Examplar problems Science (English),Chapter 17
10,Examplar problems Science (English),Chapter 18
10,Science,Chemical Reaction
10,Science,Acid Base & Salt
10,Science,Metals and Non-metals
10,Science,Carbon and Its Compounds
10,Science,Periodic Classification of Elements
10,Science,Life Processes
10,Science,Control and Coordination
10,Science,Reproduction in Organisms
10,Science,Heredity and Evolution
10,Science,Our Environment
10,Science,Management of Natural Resources
10,Science,Reflection of Light
10,Science,Refraction of Light
10,Science,Human Eye and Colourful World
10,Science,Electricity
10,Science,Magnetic Effects of Electric Current
10,Vigyan,Acid Base & Salt
10,Vigyan,Metals and Non-metals
10,Vigyan,Carbon and Its Compounds
10,Vigyan,Periodic Classification of Elements
10,Vigyan,Life Processes
10,Vigyan,Control and Coordination
10,Vigyan,Reproduction in Organisms
10,Vigyan,Heredity and Evolution
10,Vigyan,Our Environment
10,Vigyan,Management of Natural Resources
10,Vigyan,Reflection of Light
10,Vigyan,Refraction of Light
10,Vigyan,Human Eye and Colourful World
10,Vigyan,Electricity
10,Vigyan,Magnetic Effects of Electric Current
10,Lab Manual (English),Chapter 1
10,Lab Manual (English),Chapter 2
10,Lab Manual (English),Chapter 3
10,Lab Manual (English),Chapter 4
10,Lab Manual (English),Chapter 5
10,Lab Manual (English),Chapter 6
10,Lab Manual (Hindi),Chapter 1
10,Lab Manual (Hindi),Chapter 2
10,Lab Manual (Hindi),Chapter 3
10,Lab Manual (Hindi),Chapter 4
10,Lab Manual (Hindi),Chapter 5
10,Lab Manual (Hindi),Chapter 6
10,Kshitij-II,Chapter 1
10,Kshitij-II,Chapter 2
10,Kshitij-II,Chapter 3
10,Kshitij-II,Chapter 4
10,Kshitij-II,Chapter 5
10,Kshitij-II,Chapter 6
10,Kshitij-II,Chapter 7
10,Kshitij-II,Chapter 8
10,Kshitij-II,Chapter 9
10,Kshitij-II,Chapter 10
10,Kshitij-II,Chapter 11
10,Kshitij-II,Chapter 12
10,Kshitij-II,Chapter 13
10,Kshitij-II,Chapter 14
10,Kshitij-II,Chapter 15
10,Kshitij-II,Chapter 16
10,Kshitij-II,Chapter 17
10,Sparsh,Chapter 1
10,Sparsh,Chapter 2
10,Sparsh,Chapter 3
10,Sparsh,Chapter 4
10,Sparsh,Chapter 5
10,Sparsh,Chapter 6
10,Sparsh,Chapter 7
10,Sparsh,Chapter 8
10,Sparsh,Chapter 9
10,Sparsh,Chapter 10
10,Sparsh,Chapter 11
10,Sparsh,Chapter 12
10,Sparsh,Chapter 13
10,Sparsh,Chapter 14
10,Sparsh,Chapter 15
10,Sparsh,Chapter 16
10,Sparsh,Chapter 17
10,Sanchyan Bhag-II,Chapter 1
10,Sanchyan Bhag-II,Chapter 2
10,Sanchyan Bhag-II,Chapter 3
10,Kritika,Chapter 1
10,Kritika,Chapter 2
10,Kritika,Chapter 3
10,Kritika,Chapter 4
10,Kritika,Chapter 5
10,Contemporary India,Chapter 1
10,Contemporary India,Chapter 2
10,Contemporary India,Chapter 3
10,Contemporary India,Chapter 4
10,Contemporary India,Chapter 5
10,Contemporary India,Chapter 6
10,Contemporary India,Chapter 7
10,Samkalin Bharat,Chapter 1
10,Samkalin Bharat,Chapter 2
10,Samkalin Bharat,Chapter 3
10,Samkalin Bharat,Chapter 4
10,Samkalin Bharat,Chapter 5
10,Samkalin Bharat,Chapter 6
10,Samkalin Bharat,Chapter 7
10,Understanding Economic Development,Chapter 1
10,Understanding Economic Development,Chapter 2
10,Understanding Economic Development,Chapter 3
10,Understanding Economic Development,Chapter 4
10,Understanding Economic Development,Chapter 5
10,Arthik Vikas ki Samaj,Chapter 1
10,Arthik Vikas ki Samaj,Chapter 2
10,Arthik Vikas ki Samaj,Chapter 3
10,Arthik Vikas ki Samaj,Chapter 4
10,Arthik Vikas ki Samaj,Chapter 5
10,India and Contemporary World-II,Chapter 1
10,India and Contemporary World-I,Chapter 2
10,India and Contemporary World-I,Chapter 3
10,India and Contemporary World-I,Chapter 4
10,India and Contemporary World-I,Chapter 5
10,India and Contemporary World-I,Chapter 6
10,India and Contemporary World-I,Chapter 7
10,India and Contemporary World-I,Chapter 8
10,Bharat aur Samkalin Vishwa-II,Chapter 1
10,Bharat aur Samkalin Vishwa-II,Chapter 2
10,Bharat aur Samkalin Vishwa-II,Chapter 3
10,Bharat aur Samkalin Vishwa-II,Chapter 4
10,Bharat aur Samkalin Vishwa-II,Chapter 5
10,Bharat aur Samkalin Vishwa-II,Chapter 6
10,Bharat aur Samkalin Vishwa-II,Chapter 7
10,Bharat aur Samkalin Vishwa-II,Chapter 8
10,Democratic Politics,Chapter 1
10,Democratic Politics,Chapter 2
10,Democratic Politics,Chapter 3
10,Democratic Politics,Chapter 4
10,Democratic Politics,Chapter 5
10,Democratic Politics,Chapter 6
10,Democratic Politics,Chapter 7
10,Democratic Politics,Chapter